experiment,functional_name,x_value,score
synthetic_spectrum,entropy_spread_minus_concentration,0.0,345.20258848914034
synthetic_spectrum,entropy_spread_minus_concentration,0.1,345.2040273260345
synthetic_spectrum,entropy_spread_minus_concentration,0.2,345.2054447000461
synthetic_spectrum,entropy_spread_minus_concentration,0.30000000000000004,345.20684141564556
synthetic_spectrum,entropy_spread_minus_concentration,0.4,345.20821819668237
synthetic_spectrum,entropy_spread_minus_concentration,0.5,345.20957570110494
synthetic_spectrum,entropy_spread_minus_concentration,0.6000000000000001,345.21091453200467
synthetic_spectrum,entropy_spread_minus_concentration,0.7000000000000001,345.2122352460946
synthetic_spectrum,entropy_spread_minus_concentration,0.8,345.2135383603532
synthetic_spectrum,entropy_spread_minus_concentration,0.9,345.2148243573234
synthetic_spectrum,entropy_spread_minus_concentration,1.0,345.2160936894006
synthetic_spectrum,entropy_spread_minus_concentration,1.1,345.21734678235595
synthetic_spectrum,entropy_spread_minus_concentration,1.2000000000000002,345.21858403826076
synthetic_spectrum,entropy_spread_minus_concentration,1.3,345.2198058379431
synthetic_spectrum,entropy_spread_minus_concentration,1.4000000000000001,345.2210125430728
synthetic_spectrum,entropy_spread_minus_concentration,1.5,345.2222044979414
synthetic_spectrum,entropy_spread_minus_concentration,1.6,345.22338203100014
synthetic_spectrum,entropy_spread_minus_concentration,1.7000000000000002,345.22454545619456
synthetic_spectrum,entropy_spread_minus_concentration,1.8,345.2256950741304
synthetic_spectrum,entropy_spread_minus_concentration,1.9000000000000001,345.2268311731019
synthetic_spectrum,entropy_spread_minus_concentration,2.0,345.2279540299975
synthetic_spectrum,entropy_spread_minus_concentration,2.1,345.22906391110826
synthetic_spectrum,entropy_spread_minus_concentration,2.2,345.2301610728492
synthetic_spectrum,entropy_spread_minus_concentration,2.3000000000000003,345.23124576240525
synthetic_spectrum,entropy_spread_minus_concentration,2.4000000000000004,345.23231821831604
synthetic_spectrum,entropy_spread_minus_concentration,2.5,345.23337867100133
synthetic_spectrum,entropy_spread_minus_concentration,2.6,345.2344273432411
synthetic_spectrum,entropy_spread_minus_concentration,2.7,345.23546445061106
synthetic_spectrum,entropy_spread_minus_concentration,2.8000000000000003,345.2364902018807
synthetic_spectrum,entropy_spread_minus_concentration,2.9000000000000004,345.2375047993795
synthetic_spectrum,entropy_spread_minus_concentration,3.0,345.23850843933053
synthetic_spectrum,spectral_entropy,0.0,3.9732615660633908
synthetic_spectrum,spectral_entropy,0.1,3.9746694806602374
synthetic_spectrum,spectral_entropy,0.2,3.9760562156311026
synthetic_spectrum,spectral_entropy,0.30000000000000004,3.97742257199791
synthetic_spectrum,spectral_entropy,0.4,3.978769270212747
synthetic_spectrum,spectral_entropy,0.5,3.98009696487905
synthetic_spectrum,spectral_entropy,0.6000000000000001,3.981406255793198
synthetic_spectrum,spectral_entropy,0.7000000000000001,3.982697696422911
synthetic_spectrum,spectral_entropy,0.8,3.9839718005502465
synthetic_spectrum,spectral_entropy,0.9,3.9852290475686245
synthetic_spectrum,spectral_entropy,1.0,3.98646988677198
synthetic_spectrum,spectral_entropy,1.1,3.9876947408752854
synthetic_spectrum,spectral_entropy,1.2000000000000002,3.988904008939225
synthetic_spectrum,spectral_entropy,1.3,3.9900980688262075
synthetic_spectrum,spectral_entropy,1.4000000000000001,3.991277279282908
synthetic_spectrum,spectral_entropy,1.5,3.9924419817216443
synthetic_spectrum,spectral_entropy,1.6,3.9935925017563045
synthetic_spectrum,spectral_entropy,1.7000000000000002,3.994729150536253
synthetic_spectrum,spectral_entropy,1.8,3.9958522259124734
synthetic_spectrum,spectral_entropy,1.9000000000000001,3.99696201346325
synthetic_spectrum,spectral_entropy,2.0,3.9980587874013596
synthetic_spectrum,spectral_entropy,2.1,3.9991428113806027
synthetic_spectrum,spectral_entropy,2.2,4.000214339216278
synthetic_spectrum,spectral_entropy,2.3000000000000003,4.001273615531622
synthetic_spectrum,spectral_entropy,2.4000000000000004,4.002320876340228
synthetic_spectrum,spectral_entropy,2.5,4.003356349572773
synthetic_spectrum,spectral_entropy,2.6,4.004380255555118
synthetic_spectrum,spectral_entropy,2.7,4.005392807443703
synthetic_spectrum,spectral_entropy,2.8000000000000003,4.006394211623299
synthetic_spectrum,spectral_entropy,2.9000000000000004,4.0073846680714595
synthetic_spectrum,spectral_entropy,3.0,4.00836437069336
synthetic_spectrum,resolution_cost,0.0,81.47295320191117
synthetic_spectrum,resolution_cost,0.1,81.47295320191117
synthetic_spectrum,resolution_cost,0.2,81.47295320191117
synthetic_spectrum,resolution_cost,0.30000000000000004,81.47295320191117
synthetic_spectrum,resolution_cost,0.4,81.47295320191117
synthetic_spectrum,resolution_cost,0.5,81.47295320191117
synthetic_spectrum,resolution_cost,0.6000000000000001,81.47295320191117
synthetic_spectrum,resolution_cost,0.7000000000000001,81.47295320191117
synthetic_spectrum,resolution_cost,0.8,81.47295320191117
synthetic_spectrum,resolution_cost,0.9,81.47295320191117
synthetic_spectrum,resolution_cost,1.0,81.47295320191117
synthetic_spectrum,resolution_cost,1.1,81.47295320191117
synthetic_spectrum,resolution_cost,1.2000000000000002,81.47295320191117
synthetic_spectrum,resolution_cost,1.3,81.47295320191117
synthetic_spectrum,resolution_cost,1.4000000000000001,81.47295320191117
synthetic_spectrum,resolution_cost,1.5,81.47295320191117
synthetic_spectrum,resolution_cost,1.6,81.47295320191117
synthetic_spectrum,resolution_cost,1.7000000000000002,81.47295320191117
synthetic_spectrum,resolution_cost,1.8,81.47295320191117
synthetic_spectrum,resolution_cost,1.9000000000000001,81.47295320191117
synthetic_spectrum,resolution_cost,2.0,81.47295320191117
synthetic_spectrum,resolution_cost,2.1,81.47295320191117
synthetic_spectrum,resolution_cost,2.2,81.47295320191117
synthetic_spectrum,resolution_cost,2.3000000000000003,81.47295320191117
synthetic_spectrum,resolution_cost,2.4000000000000004,81.47295320191117
synthetic_spectrum,resolution_cost,2.5,81.47295320191117
synthetic_spectrum,resolution_cost,2.6,81.47295320191117
synthetic_spectrum,resolution_cost,2.7,81.47295320191117
synthetic_spectrum,resolution_cost,2.8000000000000003,81.47295320191117
synthetic_spectrum,resolution_cost,2.9000000000000004,81.47295320191117
synthetic_spectrum,resolution_cost,3.0,81.47295320191117
synthetic_spectrum,symmetry_pair_penalty,0.0,32.0
synthetic_spectrum,symmetry_pair_penalty,0.1,32.0
synthetic_spectrum,symmetry_pair_penalty,0.2,32.0
synthetic_spectrum,symmetry_pair_penalty,0.30000000000000004,32.0
synthetic_spectrum,symmetry_pair_penalty,0.4,32.0
synthetic_spectrum,symmetry_pair_penalty,0.5,32.0
synthetic_spectrum,symmetry_pair_penalty,0.6000000000000001,32.0
synthetic_spectrum,symmetry_pair_penalty,0.7000000000000001,32.0
synthetic_spectrum,symmetry_pair_penalty,0.8,32.0
synthetic_spectrum,symmetry_pair_penalty,0.9,32.0
synthetic_spectrum,symmetry_pair_penalty,1.0,32.0
synthetic_spectrum,symmetry_pair_penalty,1.1,32.0
synthetic_spectrum,symmetry_pair_penalty,1.2000000000000002,32.0
synthetic_spectrum,symmetry_pair_penalty,1.3,32.0
synthetic_spectrum,symmetry_pair_penalty,1.4000000000000001,32.0
synthetic_spectrum,symmetry_pair_penalty,1.5,32.0
synthetic_spectrum,symmetry_pair_penalty,1.6,32.0
synthetic_spectrum,symmetry_pair_penalty,1.7000000000000002,32.0
synthetic_spectrum,symmetry_pair_penalty,1.8,32.0
synthetic_spectrum,symmetry_pair_penalty,1.9000000000000001,32.0
synthetic_spectrum,symmetry_pair_penalty,2.0,32.0
synthetic_spectrum,symmetry_pair_penalty,2.1,32.0
synthetic_spectrum,symmetry_pair_penalty,2.2,32.0
synthetic_spectrum,symmetry_pair_penalty,2.3000000000000003,32.0
synthetic_spectrum,symmetry_pair_penalty,2.4000000000000004,32.0
synthetic_spectrum,symmetry_pair_penalty,2.5,32.0
synthetic_spectrum,symmetry_pair_penalty,2.6,32.0
synthetic_spectrum,symmetry_pair_penalty,2.7,32.0
synthetic_spectrum,symmetry_pair_penalty,2.8000000000000003,32.0
synthetic_spectrum,symmetry_pair_penalty,2.9000000000000004,32.0
synthetic_spectrum,symmetry_pair_penalty,3.0,32.0
synthetic_spectrum,entropy_plus_resolution,0.0,66.97326156606339
synthetic_spectrum,entropy_plus_resolution,0.1,66.97466948066022
synthetic_spectrum,entropy_plus_resolution,0.2,66.9760562156311
synthetic_spectrum,entropy_plus_resolution,0.30000000000000004,66.9774225719979
synthetic_spectrum,entropy_plus_resolution,0.4,66.97876927021275
synthetic_spectrum,entropy_plus_resolution,0.5,66.98009696487905
synthetic_spectrum,entropy_plus_resolution,0.6000000000000001,66.98140625579319
synthetic_spectrum,entropy_plus_resolution,0.7000000000000001,66.98269769642292
synthetic_spectrum,entropy_plus_resolution,0.8,66.98397180055025
synthetic_spectrum,entropy_plus_resolution,0.9,66.98522904756864
synthetic_spectrum,entropy_plus_resolution,1.0,66.98646988677199
synthetic_spectrum,entropy_plus_resolution,1.1,66.98769474087528
synthetic_spectrum,entropy_plus_resolution,1.2000000000000002,66.98890400893923
synthetic_spectrum,entropy_plus_resolution,1.3,66.99009806882621
synthetic_spectrum,entropy_plus_resolution,1.4000000000000001,66.99127727928291
synthetic_spectrum,entropy_plus_resolution,1.5,66.99244198172164
synthetic_spectrum,entropy_plus_resolution,1.6,66.9935925017563
synthetic_spectrum,entropy_plus_resolution,1.7000000000000002,66.99472915053626
synthetic_spectrum,entropy_plus_resolution,1.8,66.99585222591247
synthetic_spectrum,entropy_plus_resolution,1.9000000000000001,66.99696201346326
synthetic_spectrum,entropy_plus_resolution,2.0,66.99805878740136
synthetic_spectrum,entropy_plus_resolution,2.1,66.9991428113806
synthetic_spectrum,entropy_plus_resolution,2.2,67.00021433921628
synthetic_spectrum,entropy_plus_resolution,2.3000000000000003,67.00127361553162
synthetic_spectrum,entropy_plus_resolution,2.4000000000000004,67.00232087634024
synthetic_spectrum,entropy_plus_resolution,2.5,67.00335634957277
synthetic_spectrum,entropy_plus_resolution,2.6,67.0043802555551
synthetic_spectrum,entropy_plus_resolution,2.7,67.0053928074437
synthetic_spectrum,entropy_plus_resolution,2.8000000000000003,67.0063942116233
synthetic_spectrum,entropy_plus_resolution,2.9000000000000004,67.00738466807147
synthetic_spectrum,entropy_plus_resolution,3.0,67.00836437069336
riemann_sweep,entropy_spread_minus_concentration,-0.2,13.077499366402305
riemann_sweep,entropy_spread_minus_concentration,-0.19,14.666504737482104
riemann_sweep,entropy_spread_minus_concentration,-0.18000000000000002,16.659220893203653
riemann_sweep,entropy_spread_minus_concentration,-0.17,19.19504281044982
riemann_sweep,entropy_spread_minus_concentration,-0.16,22.47646168925409
riemann_sweep,entropy_spread_minus_concentration,-0.15000000000000002,26.805049344022013
riemann_sweep,entropy_spread_minus_concentration,-0.14,32.64248398767474
riemann_sweep,entropy_spread_minus_concentration,-0.13,40.71747767891882
riemann_sweep,entropy_spread_minus_concentration,-0.12000000000000001,52.22009903567654
riemann_sweep,entropy_spread_minus_concentration,-0.11000000000000001,69.16980993292609
riemann_sweep,entropy_spread_minus_concentration,-0.1,95.14620969495972
riemann_sweep,entropy_spread_minus_concentration,-0.09000000000000001,136.82135675189227
riemann_sweep,entropy_spread_minus_concentration,-0.08000000000000002,207.3846134878261
riemann_sweep,entropy_spread_minus_concentration,-0.07,334.79578835825555
riemann_sweep,entropy_spread_minus_concentration,-0.06,583.5340918096581
riemann_sweep,entropy_spread_minus_concentration,-0.05000000000000002,1118.3403525356787
riemann_sweep,entropy_spread_minus_concentration,-0.04000000000000001,2415.6419895555073
riemann_sweep,entropy_spread_minus_concentration,-0.03,6062.000812157239
riemann_sweep,entropy_spread_minus_concentration,-0.020000000000000018,17965.537410331537
riemann_sweep,entropy_spread_minus_concentration,-0.010000000000000009,56006.940146823035
riemann_sweep,entropy_spread_minus_concentration,0.0,100993.78347021063
riemann_sweep,entropy_spread_minus_concentration,0.009999999999999981,56006.940146823035
riemann_sweep,entropy_spread_minus_concentration,0.01999999999999999,17965.537410331548
riemann_sweep,entropy_spread_minus_concentration,0.03,6062.000812157239
riemann_sweep,entropy_spread_minus_concentration,0.03999999999999998,2415.6419895555073
riemann_sweep,entropy_spread_minus_concentration,0.04999999999999999,1118.3403525356787
riemann_sweep,entropy_spread_minus_concentration,0.06,583.5340918096562
riemann_sweep,entropy_spread_minus_concentration,0.07,334.7957883582543
riemann_sweep,entropy_spread_minus_concentration,0.08000000000000002,207.38461348782553
riemann_sweep,entropy_spread_minus_concentration,0.08999999999999997,136.82135675189255
riemann_sweep,entropy_spread_minus_concentration,0.09999999999999998,95.14620969495974
riemann_sweep,entropy_spread_minus_concentration,0.10999999999999999,69.16980993292609
riemann_sweep,entropy_spread_minus_concentration,0.12,52.22009903567657
riemann_sweep,entropy_spread_minus_concentration,0.13,40.71747767891883
riemann_sweep,entropy_spread_minus_concentration,0.14,32.642483987674744
riemann_sweep,entropy_spread_minus_concentration,0.15000000000000002,26.805049344022013
riemann_sweep,entropy_spread_minus_concentration,0.15999999999999998,22.476461689254133
riemann_sweep,entropy_spread_minus_concentration,0.16999999999999998,19.19504281044986
riemann_sweep,entropy_spread_minus_concentration,0.18,16.659220893203678
riemann_sweep,entropy_spread_minus_concentration,0.19,14.666504737482107
riemann_sweep,entropy_spread_minus_concentration,0.2,13.077499366402309
riemann_sweep,spectral_entropy,-0.2,3.2180904207089345
riemann_sweep,spectral_entropy,-0.19,3.1668790688063684
riemann_sweep,spectral_entropy,-0.18000000000000002,3.111528058745289
riemann_sweep,spectral_entropy,-0.17,3.0514379631848114
riemann_sweep,spectral_entropy,-0.16,2.985868600134542
riemann_sweep,spectral_entropy,-0.15000000000000002,2.9138971313072126
riemann_sweep,spectral_entropy,-0.14,2.8343642631894816
riemann_sweep,spectral_entropy,-0.13,2.74580717564173
riemann_sweep,spectral_entropy,-0.12000000000000001,2.6463801393194375
riemann_sweep,spectral_entropy,-0.11000000000000001,2.5337695023742066
riemann_sweep,spectral_entropy,-0.1,2.405122020430843
riemann_sweep,spectral_entropy,-0.09000000000000001,2.2570297053796593
riemann_sweep,spectral_entropy,-0.08000000000000002,2.0856581512085177
riemann_sweep,spectral_entropy,-0.07,1.887176286469363
riemann_sweep,spectral_entropy,-0.06,1.6587412701816537
riemann_sweep,spectral_entropy,-0.05000000000000002,1.4003744608794562
riemann_sweep,spectral_entropy,-0.04000000000000001,1.1180157773292436
riemann_sweep,spectral_entropy,-0.03,0.8276510747303071
riemann_sweep,spectral_entropy,-0.020000000000000018,0.5594975038756693
riemann_sweep,spectral_entropy,-0.010000000000000009,0.35981155025472367
riemann_sweep,spectral_entropy,0.0,0.2834969877058589
riemann_sweep,spectral_entropy,0.009999999999999981,0.35981155025472367
riemann_sweep,spectral_entropy,0.01999999999999999,0.5594975038756692
riemann_sweep,spectral_entropy,0.03,0.827651074730307
riemann_sweep,spectral_entropy,0.03999999999999998,1.1180157773292438
riemann_sweep,spectral_entropy,0.04999999999999999,1.4003744608794566
riemann_sweep,spectral_entropy,0.06,1.658741270181655
riemann_sweep,spectral_entropy,0.07,1.8871762864693649
riemann_sweep,spectral_entropy,0.08000000000000002,2.085658151208519
riemann_sweep,spectral_entropy,0.08999999999999997,2.257029705379659
riemann_sweep,spectral_entropy,0.09999999999999998,2.405122020430843
riemann_sweep,spectral_entropy,0.10999999999999999,2.533769502374207
riemann_sweep,spectral_entropy,0.12,2.646380139319437
riemann_sweep,spectral_entropy,0.13,2.74580717564173
riemann_sweep,spectral_entropy,0.14,2.8343642631894808
riemann_sweep,spectral_entropy,0.15000000000000002,2.913897131307212
riemann_sweep,spectral_entropy,0.15999999999999998,2.985868600134541
riemann_sweep,spectral_entropy,0.16999999999999998,3.051437963184811
riemann_sweep,spectral_entropy,0.18,3.1115280587452876
riemann_sweep,spectral_entropy,0.19,3.166879068806368
riemann_sweep,spectral_entropy,0.2,3.2180904207089345
riemann_sweep,resolution_cost,-0.2,28.931443431034836
riemann_sweep,resolution_cost,-0.19,31.894720541550246
riemann_sweep,resolution_cost,-0.18000000000000002,35.35556486417501
riemann_sweep,resolution_cost,-0.17,39.4324777758672
riemann_sweep,resolution_cost,-0.16,44.281468514535526
riemann_sweep,resolution_cost,-0.15000000000000002,50.1111863541009
riemann_sweep,resolution_cost,-0.14,57.20562185764811
riemann_sweep,resolution_cost,-0.13,65.95899088304043
riemann_sweep,resolution_cost,-0.12000000000000001,76.93080725451313
riemann_sweep,resolution_cost,-0.11000000000000001,90.93553052612722
riemann_sweep,resolution_cost,-0.1,109.1936787421966
riemann_sweep,resolution_cost,-0.09000000000000001,133.59694813138245
riemann_sweep,resolution_cost,-0.08000000000000002,167.19527366890054
riemann_sweep,resolution_cost,-0.07,215.1403493970583
riemann_sweep,resolution_cost,-0.06,286.6275941797932
riemann_sweep,resolution_cost,-0.05000000000000002,399.1714616303262
riemann_sweep,resolution_cost,-0.04000000000000001,588.6740182130277
riemann_sweep,resolution_cost,-0.03,934.0403358350943
riemann_sweep,resolution_cost,-0.020000000000000018,1608.811176977593
riemann_sweep,resolution_cost,-0.010000000000000009,2840.705077537288
riemann_sweep,resolution_cost,0.0,3814.514696385841
riemann_sweep,resolution_cost,0.009999999999999981,2840.705077537288
riemann_sweep,resolution_cost,0.01999999999999999,1608.8111769775935
riemann_sweep,resolution_cost,0.03,934.0403358350943
riemann_sweep,resolution_cost,0.03999999999999998,588.6740182130277
riemann_sweep,resolution_cost,0.04999999999999999,399.1714616303262
riemann_sweep,resolution_cost,0.06,286.6275941797927
riemann_sweep,resolution_cost,0.07,215.1403493970579
riemann_sweep,resolution_cost,0.08000000000000002,167.19527366890028
riemann_sweep,resolution_cost,0.08999999999999997,133.5969481313826
riemann_sweep,resolution_cost,0.09999999999999998,109.1936787421966
riemann_sweep,resolution_cost,0.10999999999999999,90.93553052612722
riemann_sweep,resolution_cost,0.12,76.93080725451317
riemann_sweep,resolution_cost,0.13,65.95899088304044
riemann_sweep,resolution_cost,0.14,57.205621857648126
riemann_sweep,resolution_cost,0.15000000000000002,50.1111863541009
riemann_sweep,resolution_cost,0.15999999999999998,44.28146851453559
riemann_sweep,resolution_cost,0.16999999999999998,39.432477775867255
riemann_sweep,resolution_cost,0.18,35.35556486417505
riemann_sweep,resolution_cost,0.19,31.894720541550246
riemann_sweep,resolution_cost,0.2,28.931443431034847
riemann_sweep,symmetry_pair_penalty,-0.2,1.9488906186566
riemann_sweep,symmetry_pair_penalty,-0.19,2.0315477753798046
riemann_sweep,symmetry_pair_penalty,-0.18000000000000002,2.1237521482677075
riemann_sweep,symmetry_pair_penalty,-0.17,2.2273525432038124
riemann_sweep,symmetry_pair_penalty,-0.16,2.3447522489517865
riemann_sweep,symmetry_pair_penalty,-0.15000000000000002,2.4791193810869037
riemann_sweep,symmetry_pair_penalty,-0.14,2.6347197068679833
riemann_sweep,symmetry_pair_penalty,-0.13,2.8174327123889706
riemann_sweep,symmetry_pair_penalty,-0.12000000000000001,3.035573365638555
riemann_sweep,symmetry_pair_penalty,-0.11000000000000001,3.3012400312261634
riemann_sweep,symmetry_pair_penalty,-0.1,3.6326008153447815
riemann_sweep,symmetry_pair_penalty,-0.09000000000000001,4.05792361441952
riemann_sweep,symmetry_pair_penalty,-0.08000000000000002,4.6230027052963525
riemann_sweep,symmetry_pair_penalty,-0.07,5.405569910653586
riemann_sweep,symmetry_pair_penalty,-0.06,6.544976549753525
riemann_sweep,symmetry_pair_penalty,-0.05000000000000002,8.30754599802346
riemann_sweep,symmetry_pair_penalty,-0.04000000000000001,11.240460324453204
riemann_sweep,symmetry_pair_penalty,-0.03,16.547915346820634
riemann_sweep,symmetry_pair_penalty,-0.020000000000000018,26.880059265558906
riemann_sweep,symmetry_pair_penalty,-0.010000000000000009,45.71499291286777
riemann_sweep,symmetry_pair_penalty,0.0,60.59751279284282
riemann_sweep,symmetry_pair_penalty,0.009999999999999981,45.71499291286778
riemann_sweep,symmetry_pair_penalty,0.01999999999999999,26.880059265558916
riemann_sweep,symmetry_pair_penalty,0.03,16.547915346820634
riemann_sweep,symmetry_pair_penalty,0.03999999999999998,11.240460324453204
riemann_sweep,symmetry_pair_penalty,0.04999999999999999,8.30754599802346
riemann_sweep,symmetry_pair_penalty,0.06,6.544976549753517
riemann_sweep,symmetry_pair_penalty,0.07,5.405569910653579
riemann_sweep,symmetry_pair_penalty,0.08000000000000002,4.623002705296348
riemann_sweep,symmetry_pair_penalty,0.08999999999999997,4.057923614419523
riemann_sweep,symmetry_pair_penalty,0.09999999999999998,3.6326008153447815
riemann_sweep,symmetry_pair_penalty,0.10999999999999999,3.3012400312261634
riemann_sweep,symmetry_pair_penalty,0.12,3.0355733656385557
riemann_sweep,symmetry_pair_penalty,0.13,2.817432712388971
riemann_sweep,symmetry_pair_penalty,0.14,2.6347197068679833
riemann_sweep,symmetry_pair_penalty,0.15000000000000002,2.4791193810869037
riemann_sweep,symmetry_pair_penalty,0.15999999999999998,2.3447522489517874
riemann_sweep,symmetry_pair_penalty,0.16999999999999998,2.2273525432038137
riemann_sweep,symmetry_pair_penalty,0.18,2.1237521482677084
riemann_sweep,symmetry_pair_penalty,0.19,2.031547775379805
riemann_sweep,symmetry_pair_penalty,0.2,1.9488906186566006
riemann_sweep,entropy_plus_resolution,-0.2,28.995935234223758
riemann_sweep,entropy_plus_resolution,-0.19,31.656978554693403
riemann_sweep,entropy_plus_resolution,-0.18000000000000002,34.77298597999272
riemann_sweep,entropy_plus_resolution,-0.17,38.45274730889756
riemann_sweep,entropy_plus_resolution,-0.16,42.83940193302129
riemann_sweep,entropy_plus_resolution,-0.15000000000000002,48.124253842493715
riemann_sweep,entropy_plus_resolution,-0.14,54.56749417389865
riemann_sweep,entropy_plus_resolution,-0.13,62.53005164631611
riemann_sweep,entropy_plus_resolution,-0.12000000000000001,72.52390319301817
riemann_sweep,entropy_plus_resolution,-0.11000000000000001,85.29403403050334
riemann_sweep,entropy_plus_resolution,-0.1,101.95671633309479
riemann_sweep,entropy_plus_resolution,-0.09000000000000001,124.24232497201896
riemann_sweep,entropy_plus_resolution,-0.08000000000000002,154.9417432968847
riemann_sweep,entropy_plus_resolution,-0.07,198.77153464917689
riemann_sweep,entropy_plus_resolution,-0.06,264.15500597278066
riemann_sweep,entropy_plus_resolution,-0.05000000000000002,367.1432079349154
riemann_sweep,entropy_plus_resolution,-0.04000000000000001,540.6477926518583
riemann_sweep,entropy_plus_resolution,-0.03,857.0097239377089
riemann_sweep,entropy_plus_resolution,-0.020000000000000018,1475.3340827040283
riemann_sweep,entropy_plus_resolution,-0.010000000000000009,2604.4058992870177
riemann_sweep,entropy_plus_resolution,0.0,3497.001998344946
riemann_sweep,entropy_plus_resolution,0.009999999999999981,2604.4058992870177
riemann_sweep,entropy_plus_resolution,0.01999999999999999,1475.3340827040288
riemann_sweep,entropy_plus_resolution,0.03,857.0097239377089
riemann_sweep,entropy_plus_resolution,0.03999999999999998,540.6477926518583
riemann_sweep,entropy_plus_resolution,0.04999999999999999,367.1432079349154
riemann_sweep,entropy_plus_resolution,0.06,264.1550059727802
riemann_sweep,entropy_plus_resolution,0.07,198.77153464917652
riemann_sweep,entropy_plus_resolution,0.08000000000000002,154.94174329688448
riemann_sweep,entropy_plus_resolution,0.08999999999999997,124.24232497201909
riemann_sweep,entropy_plus_resolution,0.09999999999999998,101.95671633309479
riemann_sweep,entropy_plus_resolution,0.10999999999999999,85.29403403050334
riemann_sweep,entropy_plus_resolution,0.12,72.52390319301821
riemann_sweep,entropy_plus_resolution,0.13,62.530051646316124
riemann_sweep,entropy_plus_resolution,0.14,54.56749417389866
riemann_sweep,entropy_plus_resolution,0.15000000000000002,48.124253842493715
riemann_sweep,entropy_plus_resolution,0.15999999999999998,42.83940193302135
riemann_sweep,entropy_plus_resolution,0.16999999999999998,38.452747308897614
riemann_sweep,entropy_plus_resolution,0.18,34.77298597999276
riemann_sweep,entropy_plus_resolution,0.19,31.6569785546934
riemann_sweep,entropy_plus_resolution,0.2,28.995935234223772
offline_pair_test,entropy_spread_minus_concentration,0.0,4.344823711393932
offline_pair_test,entropy_spread_minus_concentration,0.01,4.3442729889424685
offline_pair_test,entropy_spread_minus_concentration,0.02,4.343178905503862
offline_pair_test,entropy_spread_minus_concentration,0.03,4.34174985195503
offline_pair_test,entropy_spread_minus_concentration,0.04,4.340027745704322
offline_pair_test,entropy_spread_minus_concentration,0.05,4.33803035112005
offline_pair_test,entropy_spread_minus_concentration,0.06,4.3357659948900595
offline_pair_test,entropy_spread_minus_concentration,0.07,4.333237971181728
offline_pair_test,entropy_spread_minus_concentration,0.08,4.33044627325635
offline_pair_test,entropy_spread_minus_concentration,0.09,4.327388327488148
offline_pair_test,entropy_spread_minus_concentration,0.1,4.324059234937531
offline_pair_test,entropy_spread_minus_concentration,0.11,4.320451670756688
offline_pair_test,entropy_spread_minus_concentration,0.12,4.316555414512133
offline_pair_test,entropy_spread_minus_concentration,0.13,4.312356279589893
offline_pair_test,entropy_spread_minus_concentration,0.14,4.307833712141644
offline_pair_test,entropy_spread_minus_concentration,0.15,4.302954461114363
offline_pair_test,entropy_spread_minus_concentration,0.16,4.297647970362586
offline_pair_test,entropy_spread_minus_concentration,0.17,4.292548169961814
offline_pair_test,entropy_spread_minus_concentration,0.18,4.288425631565044
offline_pair_test,entropy_spread_minus_concentration,0.19,4.28379760403123
offline_pair_test,entropy_spread_minus_concentration,0.2,4.278744080654252
offline_pair_test,entropy_spread_minus_concentration,0.21,4.273277842753536
offline_pair_test,entropy_spread_minus_concentration,0.22,4.267389635112927
offline_pair_test,entropy_spread_minus_concentration,0.23,4.261052744225309
offline_pair_test,entropy_spread_minus_concentration,0.24,4.254211345259887
offline_pair_test,entropy_spread_minus_concentration,0.25,4.246642920330584
offline_pair_test,spectral_entropy,0.0,4.330799256682836
offline_pair_test,spectral_entropy,0.01,4.328601436667739
offline_pair_test,spectral_entropy,0.02,4.325669901364963
offline_pair_test,spectral_entropy,0.03,4.322212987846879
offline_pair_test,spectral_entropy,0.04,4.3182725600317475
offline_pair_test,spectral_entropy,0.05,4.313866329110205
offline_pair_test,spectral_entropy,0.06,4.309002568902813
offline_pair_test,spectral_entropy,0.07,4.303684521018056
offline_pair_test,spectral_entropy,0.08,4.29791212646472
offline_pair_test,spectral_entropy,0.09,4.291682759668939
offline_pair_test,spectral_entropy,0.1,4.284991470045484
offline_pair_test,spectral_entropy,0.11,4.277830881401401
offline_pair_test,spectral_entropy,0.12,4.27019072225663
offline_pair_test,spectral_entropy,0.13,4.2620567552472615
offline_pair_test,spectral_entropy,0.14,4.253408376069771
offline_pair_test,spectral_entropy,0.15,4.244212283508779
offline_pair_test,spectral_entropy,0.16,4.234397871547418
offline_pair_test,spectral_entropy,0.17,4.224680621149984
offline_pair_test,spectral_entropy,0.18,4.215912816024278
offline_pair_test,spectral_entropy,0.19,4.2064485185614
offline_pair_test,spectral_entropy,0.2,4.19636765180605
offline_pair_test,spectral_entropy,0.21,4.1856829274387035
offline_pair_test,spectral_entropy,0.22,4.174385021208629
offline_pair_test,spectral_entropy,0.23,4.162447151172728
offline_pair_test,spectral_entropy,0.24,4.149813424657102
offline_pair_test,spectral_entropy,0.25,4.136261256519788
offline_pair_test,resolution_cost,0.0,1.6668827404951554
offline_pair_test,resolution_cost,0.01,1.6719778200659654
offline_pair_test,resolution_cost,0.02,1.6774891323831118
offline_pair_test,resolution_cost,0.03,1.6833791526689388
offline_pair_test,resolution_cost,0.04,1.6896125922850225
offline_pair_test,resolution_cost,0.05,1.6961567145741239
offline_pair_test,resolution_cost,0.06,1.702981472533782
offline_pair_test,resolution_cost,0.07,1.7100595146891726
offline_pair_test,resolution_cost,0.08,1.7173660995438775
offline_pair_test,resolution_cost,0.09,1.7382122846613468
offline_pair_test,resolution_cost,0.1,1.765911415425897
offline_pair_test,resolution_cost,0.11,1.7937789317320634
offline_pair_test,resolution_cost,0.12,1.8217988386027604
offline_pair_test,resolution_cost,0.13,1.849956849068466
offline_pair_test,resolution_cost,0.14,1.8782402044177355
offline_pair_test,resolution_cost,0.15,1.9066375079578646
offline_pair_test,resolution_cost,0.16,1.9351385735022564
offline_pair_test,resolution_cost,0.17,1.9569180656785488
offline_pair_test,resolution_cost,0.18,1.9651678536790853
offline_pair_test,resolution_cost,0.19,1.9735199176960325
offline_pair_test,resolution_cost,0.2,1.981966130172013
offline_pair_test,resolution_cost,0.21,1.993832457771341
offline_pair_test,resolution_cost,0.22,2.022445551520389
offline_pair_test,resolution_cost,0.23,2.051132677627289
offline_pair_test,resolution_cost,0.24,2.079888321846603
offline_pair_test,resolution_cost,0.25,2.108707466864157
offline_pair_test,symmetry_pair_penalty,0.0,0.18892715194681878
offline_pair_test,symmetry_pair_penalty,0.01,0.2079271519468188
offline_pair_test,symmetry_pair_penalty,0.02,0.22692715194681884
offline_pair_test,symmetry_pair_penalty,0.03,0.24592715194681886
offline_pair_test,symmetry_pair_penalty,0.04,0.2649271519468188
offline_pair_test,symmetry_pair_penalty,0.05,0.28392715194681883
offline_pair_test,symmetry_pair_penalty,0.06,0.30292715194681885
offline_pair_test,symmetry_pair_penalty,0.07,0.32192715194681887
offline_pair_test,symmetry_pair_penalty,0.08,0.3409271519468188
offline_pair_test,symmetry_pair_penalty,0.09,0.35992715194681874
offline_pair_test,symmetry_pair_penalty,0.1,0.37892715194681875
offline_pair_test,symmetry_pair_penalty,0.11,0.3979271519468188
offline_pair_test,symmetry_pair_penalty,0.12,0.4169271519468188
offline_pair_test,symmetry_pair_penalty,0.13,0.43592715194681875
offline_pair_test,symmetry_pair_penalty,0.14,0.4549271519468189
offline_pair_test,symmetry_pair_penalty,0.15,0.4739271519468188
offline_pair_test,symmetry_pair_penalty,0.16,0.4929271519468189
offline_pair_test,symmetry_pair_penalty,0.17,0.5117604852801522
offline_pair_test,symmetry_pair_penalty,0.18,0.530260485280152
offline_pair_test,symmetry_pair_penalty,0.19,0.5487604852801521
offline_pair_test,symmetry_pair_penalty,0.2,0.567260485280152
offline_pair_test,symmetry_pair_penalty,0.21,0.585760485280152
offline_pair_test,symmetry_pair_penalty,0.22,0.6042604852801521
offline_pair_test,symmetry_pair_penalty,0.23,0.6227604852801522
offline_pair_test,symmetry_pair_penalty,0.24,0.6412604852801521
offline_pair_test,symmetry_pair_penalty,0.25,0.6597604852801522
offline_pair_test,entropy_plus_resolution,0.0,5.830799256682836
offline_pair_test,entropy_plus_resolution,0.01,5.828601436667739
offline_pair_test,entropy_plus_resolution,0.02,5.825669901364963
offline_pair_test,entropy_plus_resolution,0.03,5.822212987846879
offline_pair_test,entropy_plus_resolution,0.04,5.8182725600317475
offline_pair_test,entropy_plus_resolution,0.05,5.813866329110205
offline_pair_test,entropy_plus_resolution,0.06,5.809002568902813
offline_pair_test,entropy_plus_resolution,0.07,5.803684521018056
offline_pair_test,entropy_plus_resolution,0.08,5.79791212646472
offline_pair_test,entropy_plus_resolution,0.09,5.805016093002273
offline_pair_test,entropy_plus_resolution,0.1,5.818324803378817
offline_pair_test,entropy_plus_resolution,0.11,5.831164214734734
offline_pair_test,entropy_plus_resolution,0.12,5.843524055589963
offline_pair_test,entropy_plus_resolution,0.13,5.855390088580595
offline_pair_test,entropy_plus_resolution,0.14,5.8667417094031045
offline_pair_test,entropy_plus_resolution,0.15,5.877545616842113
offline_pair_test,entropy_plus_resolution,0.16,5.887731204880751
offline_pair_test,entropy_plus_resolution,0.17,5.89134728781665
offline_pair_test,entropy_plus_resolution,0.18,5.882579482690945
offline_pair_test,entropy_plus_resolution,0.19,5.873115185228066
offline_pair_test,entropy_plus_resolution,0.2,5.863034318472717
offline_pair_test,entropy_plus_resolution,0.21,5.8556829274387034
offline_pair_test,entropy_plus_resolution,0.22,5.864385021208628
offline_pair_test,entropy_plus_resolution,0.23,5.872447151172728
offline_pair_test,entropy_plus_resolution,0.24,5.879813424657103
offline_pair_test,entropy_plus_resolution,0.25,5.886261256519788
sanity_check,entropy_spread_minus_concentration,0.0,5.505581188292829
sanity_check,entropy_spread_minus_concentration,0.05,5.509334419437087
sanity_check,entropy_spread_minus_concentration,0.1,5.5120157149819695
sanity_check,entropy_spread_minus_concentration,0.15000000000000002,5.5137736673519875
sanity_check,entropy_spread_minus_concentration,0.2,5.5142934487914586
sanity_check,entropy_spread_minus_concentration,0.25,5.514269458735133
sanity_check,entropy_spread_minus_concentration,0.30000000000000004,5.511929458888557
sanity_check,entropy_spread_minus_concentration,0.35000000000000003,5.513475070449851
sanity_check,entropy_spread_minus_concentration,0.4,5.51728786335837
sanity_check,entropy_spread_minus_concentration,0.45,5.520529305795129
sanity_check,entropy_spread_minus_concentration,0.5,5.523733288163135
sanity_check,entropy_spread_minus_concentration,0.55,5.524885888713962
sanity_check,entropy_spread_minus_concentration,0.6000000000000001,5.526320778211168
sanity_check,entropy_spread_minus_concentration,0.65,5.525744350505933
sanity_check,entropy_spread_minus_concentration,0.7000000000000001,5.530353890017129
sanity_check,entropy_spread_minus_concentration,0.75,5.539477065582529
sanity_check,entropy_spread_minus_concentration,0.8,5.548950152703681
sanity_check,entropy_spread_minus_concentration,0.8500000000000001,5.5599385710928235
sanity_check,entropy_spread_minus_concentration,0.9,5.5713344860613985
sanity_check,entropy_spread_minus_concentration,0.9500000000000001,5.5844867553546305
sanity_check,entropy_spread_minus_concentration,1.0,5.599321794344286
sanity_check,spectral_entropy,0.0,5.428288686313557
sanity_check,spectral_entropy,0.05,5.43271364351327
sanity_check,spectral_entropy,0.1,5.434043701807433
sanity_check,spectral_entropy,0.15000000000000002,5.4323178619894055
sanity_check,spectral_entropy,0.2,5.427076042539451
sanity_check,spectral_entropy,0.25,5.419177543624837
sanity_check,spectral_entropy,0.30000000000000004,5.406552288400016
sanity_check,spectral_entropy,0.35000000000000003,5.397339049960113
sanity_check,spectral_entropy,0.4,5.389562556395521
sanity_check,spectral_entropy,0.45,5.37942027755429
sanity_check,spectral_entropy,0.5,5.3673543850696195
sanity_check,spectral_entropy,0.55,5.350876482525632
sanity_check,spectral_entropy,0.6000000000000001,5.332974891011101
sanity_check,spectral_entropy,0.65,5.311071645987514
sanity_check,spectral_entropy,0.7000000000000001,5.295168341405456
sanity_check,spectral_entropy,0.75,5.28472799869676
sanity_check,spectral_entropy,0.8,5.274135140805143
sanity_check,spectral_entropy,0.8500000000000001,5.264893776073431
sanity_check,spectral_entropy,0.9,5.255648414988131
sanity_check,spectral_entropy,0.9500000000000001,5.24857690859046
sanity_check,spectral_entropy,1.0,5.243867475170434
sanity_check,resolution_cost,0.0,1.2861116437951796
sanity_check,resolution_cost,0.05,1.3259510386609907
sanity_check,resolution_cost,0.1,1.3775779948833726
sanity_check,resolution_cost,0.15000000000000002,1.4328726855715992
sanity_check,resolution_cost,0.2,1.491857193957797
sanity_check,resolution_cost,0.25,1.5539268564993665
sanity_check,resolution_cost,0.30000000000000004,1.6198220727250656
sanity_check,resolution_cost,0.35000000000000003,1.68570144282336
sanity_check,resolution_cost,0.4,1.7520251000127876
sanity_check,resolution_cost,0.45,1.8200105266116136
sanity_check,resolution_cost,0.5,1.8895481039986242
sanity_check,resolution_cost,0.55,1.9609875622002586
sanity_check,resolution_cost,0.6000000000000001,2.033311996553252
sanity_check,resolution_cost,0.65,2.1067000101999716
sanity_check,resolution_cost,0.7000000000000001,2.1781200794584725
sanity_check,resolution_cost,0.75,2.24768629341788
sanity_check,resolution_cost,0.8,2.316991762484056
sanity_check,resolution_cost,0.8500000000000001,2.3857524798262464
sanity_check,resolution_cost,0.9,2.454243594734889
sanity_check,resolution_cost,0.9500000000000001,2.52177598290268
sanity_check,resolution_cost,1.0,2.588215264474242
sanity_check,symmetry_pair_penalty,0.0,0.46316320577408454
sanity_check,symmetry_pair_penalty,0.05,0.4654282095826995
sanity_check,symmetry_pair_penalty,0.1,0.4700892643273458
sanity_check,symmetry_pair_penalty,0.15000000000000002,0.4821570775517131
sanity_check,symmetry_pair_penalty,0.2,0.49897080040286895
sanity_check,symmetry_pair_penalty,0.25,0.5217510049820933
sanity_check,symmetry_pair_penalty,0.30000000000000004,0.551852591071466
sanity_check,symmetry_pair_penalty,0.35000000000000003,0.5848899489380875
sanity_check,symmetry_pair_penalty,0.4,0.6178829203148386
sanity_check,symmetry_pair_penalty,0.45,0.6515517645777165
sanity_check,symmetry_pair_penalty,0.5,0.6859802537686638
sanity_check,symmetry_pair_penalty,0.55,0.7225575232162067
sanity_check,symmetry_pair_penalty,0.6000000000000001,0.7618371824236103
sanity_check,symmetry_pair_penalty,0.65,0.8024339631666018
sanity_check,symmetry_pair_penalty,0.7000000000000001,0.8418588053207702
sanity_check,symmetry_pair_penalty,0.75,0.8797860882081653
sanity_check,symmetry_pair_penalty,0.8,0.9167688030413167
sanity_check,symmetry_pair_penalty,0.8500000000000001,0.9516564982088686
sanity_check,symmetry_pair_penalty,0.9,0.9847505534911783
sanity_check,symmetry_pair_penalty,0.9500000000000001,1.0153294803000485
sanity_check,symmetry_pair_penalty,1.0,1.0429914545977483
sanity_check,entropy_plus_resolution,0.0,6.4282121977015745
sanity_check,entropy_plus_resolution,0.05,6.47366800970462
sanity_check,entropy_plus_resolution,0.1,6.524250341164645
sanity_check,entropy_plus_resolution,0.15000000000000002,6.571776774512482
sanity_check,entropy_plus_resolution,0.2,6.61578722822839
sanity_check,entropy_plus_resolution,0.25,6.65714100247964
sanity_check,entropy_plus_resolution,0.30000000000000004,6.69441327707461
sanity_check,entropy_plus_resolution,0.35000000000000003,6.73513885944542
sanity_check,entropy_plus_resolution,0.4,6.777301186691542
sanity_check,entropy_plus_resolution,0.45,6.8170977286610235
sanity_check,entropy_plus_resolution,0.5,6.854970656987065
sanity_check,entropy_plus_resolution,0.55,6.888431575253792
sanity_check,entropy_plus_resolution,0.6000000000000001,6.920468804549973
sanity_check,entropy_plus_resolution,0.65,6.948504380337099
sanity_check,entropy_plus_resolution,0.7000000000000001,6.982539896565754
sanity_check,entropy_plus_resolution,0.75,7.022038374667772
sanity_check,entropy_plus_resolution,0.8,7.061384337586867
sanity_check,entropy_plus_resolution,0.8500000000000001,7.102081793665869
sanity_check,entropy_plus_resolution,0.9,7.142775253391282
sanity_check,entropy_plus_resolution,0.9500000000000001,7.185642567804323
sanity_check,entropy_plus_resolution,1.0,7.230871955195012
